index_id,"Toxicity to environmental bacteria (EPA Microtox test), -log10 of Conc.(mg/kg)",SMILES
1,6.343381019,ClC(Cl)(Cl)c1ccc(cc1)C#N
2,6.173821215,S=C=NCc1ccccc1
3,5.969273765,CCCCCCCCCCCCO
4,5.949960558,c1ccc2c(c1)ccc3ccccc32
5,5.766060708,ClCc1ccc(CCl)cc1
6,5.732779628,O=C1C=CC(=O)C=C1
7,5.716454108,O=C1C(=O)c2ccccc2c3ccccc13
8,5.714495732,COc1ccc(OC)c(c1)C(=O)CBr
9,5.637322918,C#[N+]c1ccc(cc1)[N+]#C
10,5.627881787,COc1ccc(cc1)N=Nc2ccccc2
11,5.620169034,FC(F)(F)c1ccc(cc1)C(=O)c2ccccc2
12,5.609832655,CCc1ccc(O)cc1
13,5.576500677,CN(C)c1ccc(cc1)N=Nc2ccccn2
14,5.566468133,c1ccc2c(c1)[s]c3ccccc32
15,5.530500653,Clc1ncc(cc1N(=O)=O)N(=O)=O
16,5.510941592,[H][n]1ccc2cc(ccc21)N(=O)=O
17,5.489595244,OC(c1ccc(Cl)cc1)(c2ccc(Cl)cc2)C(Cl)(Cl)Cl
18,5.489367775,FC(F)(F)c1ccc(CC#N)cc1
19,5.447262161,Brc1ccc(CC#N)cc1
20,5.43977466,Oc1ccc(O)cc1
21,5.433674736,Oc1c(Br)c(Br)c(Br)c(Br)c1Br
22,5.425418051,Oc1c(Cl)cc(Cl)c2ccccc12
23,5.415496413,N#CCc1ccc(CC#N)cc1
24,5.265800168,CCCC(C)c1cccc(OC(=O)NC)c1
25,5.222372482,CN(C)c1ccc(cc1)N=O
26,5.215269378,CCCCCCCCCCCCN(C)C
27,5.211998634,N#Cc1ccc(cc1)c2ccccc2
28,5.193758873,CCc1cccc2ccccc12
29,5.18919638,Oc1cc(Cl)c(Cl)c(Cl)c1Cl
30,5.177727962,CC(C#N)c1ccc(Cl)cc1
31,5.163618496,Cc1ccc(CC#N)cc1
32,5.159293919,O=N(=O)c1cccc2ccccc21
33,5.158599681,FC(F)(F)c1ccc(C#N)c(c1)N(=O)=O
34,5.119251175,Oc1ccc(Cc2ccccc2)cc1
35,5.08929738,Nc1ccc(Nc2ccccc2)cc1
36,5.0886587,COc1ccc(CC#N)cc1
37,5.085745332,CN(C)c1ccc(cc1)C#N
38,5.065224815,ClN1C(=O)N(Cl)C(=O)N(Cl)C1=O
39,5.059597838,Oc1ccc(S)cc1
40,5.055373834,O=N(=O)c1ccc(cc1N(=O)=O)C#N
41,5.030602613,CC(C)(C)c1ccc(O)cc1
42,5.014361838,Cc1ccc(N)cc1Br
43,5.008787474,Fc1cc(F)c(cc1N(=O)=O)N(=O)=O
44,5.006311979,c1cc2cccc3C=Cc(c1)c23
45,4.984060139,COc1ccc(CS)cc1
46,4.982792676,Oc1ccc2ccccc2c1
47,4.974148523,Oc1ccc(cc1)[n]2ccnc2
48,4.953030058,Oc1cc(Cl)c(Cl)c(Cl)c1
49,4.94255368,Nc1ccc(I)cc1
50,4.933915213,Nc1ccc(c(c1)C(F)(F)F)N(=O)=O
51,4.924758813,O=C(c1ccccc1)C(=O)c2ccccc2
52,4.917743142,Cc1ccc2ncc(C)cc2c1
53,4.900880331,COc1ccc2ncccc2c1
54,4.898872973,Oc1ccc2c(Cc3ccccc32)c1
55,4.897150389,ClC(Cl)(Cl)C(Cl)(Cl)Cl
56,4.883165701,O=N(=O)c1ccc(cc1)N(=O)=O
57,4.88136509,Oc1c(Cl)c(Cl)c(Cl)c(Cl)c1Cl
58,4.879657747,Clc1ccc(CC#N)cc1
59,4.87634086,Oc1ccc(Br)cc1
60,4.875320239,Cc1cc(O)ccc1Cl
61,4.856230741,Clc1cc(Cl)c(c(c1)N(=O)=O)N(=O)=O
62,4.849814675,Clc1cc(Cl)c(c(Cl)c1)N(=O)=O
63,4.818173703,Brc1ccc(I)cc1
64,4.814623455,ClC(Cl)C(Cl)(Cl)Cl
65,4.788832239,CC1=CC(=O)c2ccccc2C1=O
66,4.770865223,Oc1cc(cc(c1)C(F)(F)F)C(F)(F)F
67,4.769899938,CCc1ccc(cc1)N=C=O
68,4.762407916,Nc1ccc(Cl)c(Cl)c1
69,4.759466386,Sc1ccc(cc1)N(=O)=O
70,4.751495391,Clc1cc(c(cc1Cl)N(=O)=O)N(=O)=O
71,4.744764503,CCCCOC(=O)C(C)Oc1ccc(Oc2ccc(cn2)C(F)(F)F)cc1
72,4.733411282,Oc1ccc(Cl)c2ccccc12
73,4.727622578,NN
74,4.711019444,BrCCc1ccccc1
75,4.711004083,Clc1ccc(cc1)N=C=S
76,4.708972978,Oc1ccc2[o]c3ccccc3c2c1
77,4.707883011,COC(=O)c1ccc(cc1)C(F)(F)F
78,4.706093819,Oc1ccc(cc1)N=Nc2ccccc2
79,4.704670543,CC(=O)OC(OC(C)=O)c1ccc([o]1)N(=O)=O
80,4.702979811,CCCCCCCCCCCC[N+](C)(C)Cc1ccc(Cl)c(Cl)c1
81,4.701759512,ClCc1ccc(Cl)cc1
82,4.678432679,[H][n]1ccc2c1cccc2N(=O)=O
83,4.67324478,Nc1cc(Cl)c(Cl)c(Cl)c1Cl
84,4.672054221,O=C=Nc1cccc2ccccc21
85,4.670312662,COc1ccc(I)cc1
86,4.669648442,COc1ccc(S)cc1
87,4.668969372,SCc1ccc(Cl)cc1
88,4.653507305,Oc1ccc(cc1)C(F)(F)F
89,4.652604783,N(Nc1ccccc1)c2ccccc2
90,4.646359375,Clc1ccc(CC#N)c(Cl)c1
91,4.64559669,Clc1ccc(cc1)C(=O)c2ccccc2
92,4.643998492,Nc1ccc(CC#N)cc1
93,4.632519956,O=C1C=Cc2cccc3cccc1c32
94,4.617518714,N#CSCc1ccccc1
95,4.609167374,CCc1ccc(C=O)cc1
96,4.588758264,Cc1cc(O)ccc1O
97,4.5836602,ClCc1cccc(Cl)c1
98,4.568084331,BrCc1ccc(cc1)C#N
99,4.564100311,Nc1c(Cl)c(Cl)cc(Cl)c1Cl
100,4.553715223,c1ccc2c(c1)[o]c3ccccc32
101,4.553040166,c1ccc(cc1)N=Nc2ccccc2
102,4.547613565,CCc1ccc(cc1)C(C)=O
103,4.530651408,Cc1ccc(O)cc1C
104,4.526690442,c1ccc(cc1)P(c2ccccc2)c3ccccc3
105,4.524398885,Cc1ccc2ncccc2c1C
106,4.521999517,Oc1ccc(Cl)c(Cl)c1
107,4.517301489,Oc1cc(Cl)c(Cl)cc1Cl
108,4.515686607,[O-][n+]1cccc2cc(ccc21)N(=O)=O
109,4.508820873,CC1(C)C(C=C(Cl)Cl)C1C(=O)OC(C#N)c2cccc(Oc3ccccc3)c2
110,4.501650589,CN(C)c1ccc(C=O)cc1
111,4.493532918,Cc1cccc(c1)c2ccccc2
112,4.475107983,FC(F)(F)c1ccc(Cl)c(Cl)c1
113,4.45680262,Oc1c(Cl)cc(Cl)c(Cl)c1Cl
114,4.453608343,C=C[n]1c2ccccc2c3ccccc31
115,4.450794578,Clc1cccc(c1Cl)N(=O)=O
116,4.450455566,Cc1ccc(O)c(O)c1
117,4.44988676,Cc1cc(N)ccc1N(=O)=O
118,4.447775428,Cc1ccc(cc1)c2ccccc2
119,4.447082626,ClC(=O)Oc1ccc(cc1)N(=O)=O
120,4.440351801,c1ccc(cc1)N(c2ccccc2)c3ccccc3
121,4.418365041,Clc1ccc(I)cc1
122,4.416855383,Clc1ccc(N=C=O)c(Cl)c1
123,4.413271816,Brc1ccccc1N(=O)=O
124,4.412740467,c1ccc(cc1)c2cccnc2
125,4.411058239,FC(F)(F)c1cc(c(Cl)c(c1)N(=O)=O)N(=O)=O
126,4.407324286,ClCc1ccc(cc1)C(Cl)=O
127,4.406990912,C[n]1c2ccccc2c3ccccc31
128,4.397156193,Cc1cnc2cccc(C)c2c1
129,4.396818381,Sc1ccc(Cl)cc1
130,4.376560788,Clc1ccc(cc1Cl)N=C=O
131,4.372128551,Sc1nc2ccccc2[s]1
132,4.369458262,Oc1ccc2ccccc2n1
133,4.369423424,Nc1ccc(cc1)N(=O)=O
134,4.365695931,O=COc1ccc(cc1)N(=O)=O
135,4.365660965,Fc1ccc(cc1)N=C=S
136,4.362249934,OCCc1ccc(O)cc1
137,4.359726678,Clc1c(Cl)c(Cl)c(c(Cl)c1Cl)N(=O)=O
138,4.357620027,CC[n+]1c2cc(N)ccc2c3ccc(N)cc3c1c4ccccc4
139,4.346062732,Oc1cc(Cl)cc(Cl)c1Cl
140,4.346062732,Oc1ccc(Cl)c(Cl)c1Cl
141,4.343892975,Nc1cc(Cl)c(Cl)cc1Cl
142,4.338152964,CNc1ccc(Cl)cc1
143,4.337277851,Clc1cc(c(Cl)c(Cl)c1Cl)N(=O)=O
144,4.336365721,Cc1cccc2ncccc12
145,4.330208041,CCCCCCCCC(C)O
146,4.324968702,Oc1ccc(c(c1)C(F)(F)F)N(=O)=O
147,4.313051274,Clc1ccc(Cl)c(Cl)c1Cl
148,4.312567629,Oc1ccc(cc1)C#N
149,4.311011749,Nc1ccc(Cl)c(Cl)c1Cl
150,4.308459388,c1ccc2ccccc2c1
151,4.303671145,Cc1ccc(Br)cc1
152,4.296507753,C(c1ccccc1)c2ccccc2
153,4.294266813,Clc1ccc(c(Cl)c1Cl)N(=O)=O
154,4.292985532,Cc1cc(O)ccc1N(=O)=O
155,4.288950403,C(c1ccccc1)c2cccnc2
156,4.286106393,Oc1c(Cl)c(Cl)cc(Cl)c1Cl
157,4.28410115,Cc1ccc(N)cc1C
158,4.280361668,CCCCCCCCCCO
159,4.27741865,Cc1cc2cccnc2cc1C
160,4.268118406,COC(=O)c1ccc(C)cc1
161,4.263053463,C(Nc1ccccc1)c2ccccc2
162,4.259049789,Cc1ccc(cc1)S(Cl)(=O)=O
163,4.255378457,ClC(=O)c1ccc(I)cc1
164,4.252085352,COC(=O)c1ccc(OC)cc1
165,4.251686878,Cc1cc(ccn1)c2ccc(cc2)N(=O)=O
166,4.251268816,Clc1cccc(CC#N)c1
167,4.250524555,Nc1c(Cl)cccc1Cl
168,4.250154407,Clc1cccc(Cl)c1Cl
169,4.250032323,CCc1ccc(cc1)N(=O)=O
170,4.248306582,COc1ccc(CO)cc1
171,4.242761267,CNc1ccc(cc1)N(=O)=O
172,4.241877554,ClC(Cl)C(Cl)(Cl)SN1C(=O)C2CC=CCC2C1=O
173,4.240619222,Oc1ccc(cc1)c2ccc(O)cc2
174,4.233268811,Clc1ccc(C=C)cc1
175,4.232713111,FC(F)(F)c1cc(ccc1Br)N(=O)=O
176,4.229724123,CCC(=O)Oc1ccc(cc1)N(=O)=O
177,4.227357434,Clc1ccc(c(c1)N(=O)=O)N(=O)=O
178,4.226342087,OCCc1ccc(Cl)cc1
179,4.222387451,Oc1ccc(cc1)c2ccccc2
180,4.221941658,COC(=O)c1ccc(Br)cc1
181,4.221323734,[H][n]1ncc2cc(ccc21)N(=O)=O
182,4.220784977,Oc1ccc(Oc2ccccc2)cc1
183,4.210654682,CC(C)c1ccccc1
184,4.202054966,SCc1ccccc1
185,4.199420528,Oc1c(Br)cc(Br)cc1Br
186,4.194626651,Nc1ccc(cc1)N=Nc2ccccc2
187,4.19274396,COc1ccc(Br)cc1
188,4.186224864,Cc1cc(O)cc(C)c1Cl
189,4.182748276,COc1ccc(cc1)C(Cl)=O
190,4.174984979,OC(c1ccccc1)(c2ccccc2)c3ccccc3
191,4.173991047,CC1=C(C)C(=O)C(C)=C(C)C1=O
192,4.167112965,Cc1ccnc2c(C)cccc12
193,4.155263626,Clc1cc(Cl)c(Cl)c(Cl)c1
194,4.152764835,Nc1ccccc1SC(F)(F)C(F)Cl
195,4.151806377,Oc1ccccc1c2ccccc2
196,4.148164869,Clc1ccc(Cl)c(Cl)c1
197,4.1457401,ClCC(Cl)(Cl)Cl
198,4.144654026,N#CCSCc1ccccc1
199,4.142681015,FC(F)(F)c1ccc(Br)cc1
200,4.13639667,CC1C(OC(C)=O)C2OC2C3=CC(=O)C4(CC13C)OC4(C)C=O
201,4.118858104,Nc1ccc(O)cc1
202,4.116953825,COC1C(OC(N)=O)C(O)C(Oc2ccc3C(O)=C(NC(=O)c4ccc(O)c(CC=C(C)C)c4)C(=O)Oc3c2C)OC1(C)C
203,4.116269724,FC(F)(F)C(=O)CC(=O)c1ccc[s]1
204,4.105024849,CNC(=O)Oc1cccc2ccccc12
205,4.104868001,Nc1ccc(Cl)cc1N
206,4.104326543,Clc1ccc(c(Cl)c1)N(=O)=O
207,4.104140488,ClCc1ccc(cc1)N(=O)=O
208,4.100986605,c1ccc(cc1)c2ccncc2
209,4.088409494,COc1cc(ccc1O)C=NN=Cc2ccc(O)c(OC)c2
210,4.086402263,OCc1ccc(cc1)c2ccccc2
211,4.086335559,ClC(Cl)c1ccccc1
212,4.085554991,Nc1c(Cl)cc(cc1Cl)N(=O)=O
213,4.076671144,Clc1ccc2c(Cl)ccnc2c1
214,4.07558888,OCc1ccc(cc1)C(F)(F)F
215,4.071383362,CCOP(=S)(CC)Sc1ccccc1
216,4.065960794,CC(C)(C)c1cc(O)c(cc1O)C(C)(C)C
217,4.062834061,Nc1cc(Cl)c(Cl)c(Cl)c1
218,4.057690377,Cc1ccc(Cl)cc1Cl
219,4.04727763,Cc1cc(C)c2ncccc2c1
220,4.045326239,Nc1nnc(S)[s]1
221,4.042204114,FC(F)(F)c1cc(Br)ccc1N(=O)=O
222,4.040066486,N=C1Nc2ccc(cc2S1)N(=O)=O
223,4.036312199,Nc1c2cccnc2ccc1N(=O)=O
224,4.032040061,Nc1ccc(Oc2ccc(N)cc2)cc1
225,4.026995699,Ic1ccc(cc1)N(=O)=O
226,4.024519874,ClCC(=O)CCl
227,4.023675134,CC#Cc1ccccc1
228,4.019234249,Nc1cccc(Cl)c1Cl
229,4.008361567,N(c1ccccc1)c2ccccc2
230,4.006905351,CCC(C)N1C(=O)NC(C)=C(Br)C1=O
231,4.004895813,CCOP(=S)(OCC)Oc1ccc(cc1)N(=O)=O
232,4.000614012,c1ccc2[s]cnc2c1
233,3.99056083,c1ccc2cnccc2c1
234,3.985103552,Nc1ccc(cc1)S(=O)(=O)c2ccc(cc2)N(=O)=O
235,3.981408869,Sc1ccccc1
236,3.980874534,O=N(=O)c1cccc2cnccc21
237,3.977137117,Fc1ccc(I)cc1
238,3.977126404,Clc1cc(Cl)c(Cl)c(c1Cl)N(=O)=O
239,3.97283115,CCOP(=S)(OCC)Oc1cc(C)nc(n1)C(C)C
240,3.968552237,Oc1cccc2ccccc12
241,3.965577958,Cc1ccc2ncccc2c1
242,3.95815629,N#CCc1ccccc1
243,3.957744727,ClSc1ccccc1N(=O)=O
244,3.954739251,O=C1c2ccccc2c3ccccc13
245,3.953044876,COc1ccc(Cl)c(c1)N(=O)=O
246,3.952838867,Nc1c(Cl)cc(Cl)cc1Cl
247,3.952124209,Oc1ccc(Cl)cc1Cl
248,3.951242086,Fc1ccc(cc1)C(=O)c2ccccc2
249,3.950932931,COC(=O)c1ccc(Cl)cc1
250,3.946269473,CC1Cc2c(Cl)cc(c(O)c2C(=O)O1)C(=O)NC(Cc3ccccc3)C(O)=O
251,3.94575148,Clc1ccc(cc1)N=C=O
252,3.940516485,O=C1CCN(N1)c2ccccc2
253,3.940010804,Clc1ccc(cc1)C(c2ccc(Cl)cc2)C(Cl)(Cl)Cl
254,3.935513643,CN(C)c1ccc(N)cc1
255,3.932821034,Clc1ccc(cc1)S(=O)(=O)c2ccccc2
256,3.924985006,Clc1ccc(Oc2cc(Cl)c(Cl)cc2Cl)c(Cl)c1
257,3.923408729,ClCc1ccccc1
258,3.922245946,Clc1ccc(cc1)C(Cl)(Cl)Cl
259,3.919685309,Cc1ccc(cc1)C(Cl)=O
260,3.901855471,Clc1ccc(Br)cc1
261,3.901247153,Cc1c(N)cccc1N(=O)=O
262,3.900338207,Fc1ccc(CC#N)cc1
263,3.889419661,Nc1cc(Cl)ccc1Cl
264,3.888025541,C(c1ccccc1)c2ccncc2
265,3.887820678,Oc1cccc(Br)c1
266,3.884309168,Nc1nc(c[s]1)c2ccc(Cl)cc2
267,3.884067544,CS(=O)(=O)c1ccccc1
268,3.878202532,Nc1c(cc(Cl)cc1N(=O)=O)N(=O)=O
269,3.872650352,Cc1cc(ccc1N)N(=O)=O
270,3.870371387,CCc1ccc(C)cc1
271,3.8698929,Sc1nc2ccccc2[o]1
272,3.865867007,O=N(=O)c1cc(cc(c1)N(=O)=O)C#N
273,3.859225888,Oc1ccc(Cl)c(c1)N(=O)=O
274,3.85262325,CC1CCCC(=O)CCCC=Cc2cc(O)cc(O)c2C(=O)O1
275,3.847417703,OC1OCC=C2OC(=O)C=C12
276,3.844751116,Oc1cccc2c(O)cccc12
277,3.843842433,COC12C(COC(N)=O)C3C(=O)C(N)=C(C)C(=O)C=3N2CC4NC41
278,3.826355406,CC(=O)OCc1ccccc1
279,3.820399863,Nc1ccc(Cl)cc1Cl
280,3.817247873,Nc1ccc(Cc2ccc(N)cc2)cc1
281,3.817081134,Clc1cccc(Cl)c1
282,3.815445796,Oc1c(Cl)cc(Cl)cc1Cl
283,3.812521876,Oc1cc(Cl)cc(Cl)c1
284,3.807387567,COc1cccc(c1)C(C)=O
285,3.804736301,Clc1cc(Cl)c(cc1Cl)N(=O)=O
286,3.803825822,COc1ccc(Cl)cc1
287,3.803740097,ClC(=O)c1ccc(Cl)cc1
288,3.799736565,Oc1ccc(cc1)C2(OS(=O)(=O)c3ccccc32)c4ccc(O)cc4
289,3.799268554,CC(=O)c1ccc(Br)cc1
290,3.792896527,Cc1cc(c(O)c(c1)C(C)(C)C)C(C)(C)C
291,3.792239849,Oc1cccc(Cl)c1Cl
292,3.791534992,COC(=CC(O)=O)C(=O)C(C)=C
293,3.786563619,Cc1ccc2nccc(C)c2c1
294,3.780074197,ClC1C2OC2C3C1C4(Cl)C(Cl)=C(Cl)C3(Cl)C4(Cl)Cl
295,3.777323742,Cc1ccc(O)c(C)c1
296,3.776667703,CCC(=O)c1ccc(Cl)cc1
297,3.773726016,ClC(=O)OCc1ccc(cc1)N(=O)=O
298,3.765803537,CC(C)OC(=O)c1ccccc1O
299,3.752952998,Cc1ccc(O)cc1
300,3.748599714,[H][n]1ccc2ccccc21
301,3.748462713,Nc1ccc(cc1)c2ccccc2
302,3.742550194,Cc1ccccc1Cl
303,3.741174118,FC(F)(F)c1ccc(Br)c(c1)N(=O)=O
304,3.73851523,CC(=O)c1ccc(C)cc1
305,3.737104255,Cc1ccc2cc(C)cnc2c1
306,3.737052382,Cc1cc(cc(c1O)N(=O)=O)N(=O)=O
307,3.736498812,[O-][n+]1ccc(cc1)N(=O)=O
308,3.736220316,Nc1c(Cl)cc(Cl)cc1N(=O)=O
309,3.734170131,CC(=O)c1ccc(cc1)C(F)(F)F
310,3.733629559,Nc1c(Cl)c(Cl)c(Cl)c(Cl)c1Cl
311,3.727229729,CC(=O)Cc1ccc(Cl)cc1
312,3.727118427,COc1ccc(C)cc1
313,3.726674726,Cc1cnc2c(C)cccc2c1
314,3.726157376,Cc1ccnc2ccccc12
315,3.725234263,ClC(Cl)C(Cl)Cl
316,3.722726912,NC(Cc1ccc(cc1)N(=O)=O)C(O)=O
317,3.719376237,ClC(=O)Cc1ccccc1
318,3.716120841,Nc1cc(Cl)c(Cl)cc1N(=O)=O
319,3.708641662,Nc1ccccc1c2ccccc2
320,3.706088451,Nc1ccc(Cl)cc1
321,3.705539584,S=C1NC=CC=C1
322,3.704385422,Cc1ccc(cc1)N=C=O
323,3.700703717,Fc1ccc(CCl)cc1
324,3.697507136,Clc1ccc(Cl)cc1
325,3.692826998,O=C1c2ccccc2Oc3ccccc13
326,3.68284838,c1ccc2nc3ccccc3cc2c1
327,3.669502834,C=CC=O
328,3.668698564,Clc1ccc(cc1)C#N
329,3.666998161,Cc1cccc(O)c1C
330,3.66399472,Clc1cc(Cl)c(Cl)cc1Cl
331,3.662566684,COc1ccc(CCO)cc1
332,3.656784142,Clc1ccccc1Cl
333,3.656668226,Oc1ccc(cc1)C(=O)c2ccccc2
334,3.654373529,ClC(=O)Oc1ccccc1
335,3.652422837,c1ccc2[o]ccc2c1
336,3.647338651,Nc1ccc(CCO)cc1
337,3.644840792,CCC(=O)c1ccc(OC)cc1
338,3.643200427,CC(C)(C)C1=CC(=O)C=C(C1=O)C(C)(C)C
339,3.636590117,Cc1ccc2nc(C)ccc2c1
340,3.634796379,OC(=O)c1ccc(Cl)cc1
341,3.633420237,FC(F)(F)c1cccc(c1)C#N
342,3.632052167,Cc1ccc(N)c(c1)N(=O)=O
343,3.630128,O=N(=O)c1ccc(CC#N)cc1
344,3.626713154,Cc1cc(c(O)c(c1)N(=O)=O)N(=O)=O
345,3.624086227,COc1ccc(O)cc1
346,3.623472635,COC(=O)c1ccccc1
347,3.622362477,OC(=O)Cc1ccc(O)cc1
348,3.621547716,FC(F)(F)C(=O)Oc1ccc(cc1)N(=O)=O
349,3.620695683,CN(C)c1ccc(cc1)N(=O)=O
350,3.620664336,NC(=S)c1ccncc1
351,3.620434865,OC(=O)c1ccc(O)cc1
352,3.62017611,CC(=O)OCc1ccc(cc1)N(=O)=O
353,3.619409572,OCC(CO)(CO)N(=O)=O
354,3.618309143,Oc1ccc(Br)cc1N(=O)=O
355,3.616824446,Nc1ccc(CCc2ccc(N)cc2)cc1
356,3.609811587,Brc1ccc(cc1)C#N
357,3.609353512,Cc1ccc(cc1)C#N
358,3.602967977,Clc1ccc(cc1Cl)N(=O)=O
359,3.602875434,FC(F)(F)c1ccc(cc1)C#N
360,3.602496923,Cc1ccc(N)cc1N(=O)=O
361,3.597121281,OCc1ccc(c(c1)N(=O)=O)N(=O)=O
362,3.59661367,CCc1cnc2ccccc2c1
363,3.594941964,COc1ccc(CCl)cc1
364,3.592527822,NC(=S)Nc1ccccc1
365,3.584244474,c1ccc2cnncc2c1
366,3.58238603,COC(=O)c1ccc(O)cc1
367,3.579568176,NC(C(O)=O)c1ccccc1
368,3.574902295,COc1ccc(CC(C)=O)cc1
369,3.571290092,Oc1c(Br)cccc1Br
370,3.568158059,OC(=O)CNCP(O)(O)=O
371,3.548716816,CC(=O)c1ccc(Cl)cc1
372,3.546189219,Cc1ccc2cccnc2c1C
373,3.542996855,NNC(=S)Nc1ccccc1
374,3.537731713,CCC(=O)c1ccccc1
375,3.533055631,O=CNc1ccccc1
376,3.530487198,CCOc1ccc(OCC)cc1
377,3.524707612,Oc1ccc(cc1N(=O)=O)N(=O)=O
378,3.520866574,O=N(=O)C1CCCC1
379,3.51750529,CN(C)C(=O)Nc1ccc(Cl)c(Cl)c1
380,3.512436075,Cc1ccc(Cl)cc1
381,3.510776131,ClC(Cl)(Cl)c1ccccc1
382,3.506357571,CCC(=O)c1ccc(O)cc1
383,3.50493319,CCC(=O)C=C
384,3.502078232,Oc1cc(Cl)ccc1Cl
385,3.499943793,Cc1ccc(C=O)cc1
386,3.498363301,COC(=O)c1cccc(c1)N(=O)=O
387,3.49794537,CN(C)c1ccc(CCO)cc1
388,3.497109494,CCSC(=O)N(CC(C)C)CC(C)C
389,3.491208171,COC(=O)c1ccc(cc1)C(C)=O
390,3.486981955,Fc1ccc(C=C)cc1
391,3.479613523,COc1ccc(cc1)C(N)=O
392,3.476777266,COc1ccc(cc1)C(N)=N
393,3.466326761,FC(F)(F)c1ccc(Cl)cc1
394,3.465920537,O=N(=O)c1ccccc1N(=O)=O
395,3.465260325,Brc1ccc(cc1)N(=O)=O
396,3.463497533,CC(C)c1cnc2ccccc2c1
397,3.460600601,COc1cc(N)c(cc1OC)C#N
398,3.459939922,Nc1ccccc1N(=O)=O
399,3.454798175,CCCCCCCCO
400,3.454690687,Cc1cc(c(N)c(c1)N(=O)=O)N(=O)=O
401,3.453822462,Cc1ccc(C)c(O)c1C
402,3.45354407,CC(C)(Cl)CCl
403,3.453461042,COc1ccc(OC#N)cc1
404,3.45302746,COc1ccc(C)cc1N(=O)=O
405,3.449426098,N1c2ccccc2Sc3ccccc13
406,3.446472472,CCOc1ccccc1
407,3.443600719,OCc1ccc(O)cc1
408,3.439450653,Nc1cc(Cl)cc(Cl)c1
409,3.439187474,O=S(=O)(c1ccccc1)c2ccccc2
410,3.437379795,O=C(C#N)c1ccccc1
411,3.436646386,OCCc1ccccc1
412,3.432401953,FC(F)(F)S(=O)(=O)N(c1ccccc1)S(=O)(=O)C(F)(F)F
413,3.426867109,COc1ccc(cc1)C(C)=O
414,3.426296904,Clc1ccc(cc1N(=O)=O)N(=O)=O
415,3.424226832,CCOP(=S)(OCC)Oc1nc(Cl)c(Cl)cc1Cl
416,3.420521703,Oc1ccc(cc1O)N(=O)=O
417,3.41626017,Cc1c(cc(cc1N(=O)=O)N(=O)=O)N(=O)=O
418,3.415868588,COc1cc2OC3OC=CC3c2c4OC(=O)C5C(=O)OCCC=5c14
419,3.410849509,Cc1ccc(CCN)cc1
420,3.409347445,NC(=O)NNc1ccccc1
421,3.408721321,Clc1cc(Cl)cc(Cl)c1
422,3.406211578,Cc1ccc2ccc(C)nc2c1
423,3.405891021,Oc1ccc(cc1F)N(=O)=O
424,3.403158455,O=C=NS(=O)(=O)c1ccccc1
425,3.402317291,[H][n]1cnc2cc(ccc21)N(=O)=O
426,3.399584436,C#Cc1ccccc1
427,3.396601384,Oc1ccc(C=O)cc1
428,3.385546384,Oc1ccc(cc1CBr)N(=O)=O
429,3.383978481,COc1ccc(cc1)C#N
430,3.37970897,CCc1ccncc1
431,3.378666061,NNS(=O)(=O)c1ccc(Br)cc1
432,3.372036584,CC(=O)c1cc(O)ccc1O
433,3.370865177,OC(=O)c1ccc(Oc2ccccc2)cc1
434,3.37063424,COc1ccc(C=CC(O)=O)cc1
435,3.370244202,Fc1ccc(cc1)C(Cl)=O
436,3.36809459,COC(=O)c1ccccc1C(=O)OC
437,3.365624492,Cc1cccc2cccnc12
438,3.357968659,COC(=O)c1ccc(F)cc1
439,3.356981401,CC1OC=C2C(O)=C(C(O)=O)C(=O)C(C)=C2C1C
440,3.354970233,Nc1ccc(cc1)C(=O)c2ccccc2
441,3.351915885,FC(F)(F)c1cc(cc(c1)N(=O)=O)N(=O)=O
442,3.351349307,FC(F)(F)c1ccc(cc1)N(=O)=O
443,3.337749128,CNc1ccc(F)cc1
444,3.32773882,Oc1nc(Cl)c(Cl)cc1Cl
445,3.327268019,OC(=O)c1ccc(cc1)c2ccccc2
446,3.326413334,OCCc1ccc(F)cc1
447,3.323925457,Cc1cc(C)c(C)c(O)c1
448,3.323522282,CCc1cccc2ccc(C)nc12
449,3.321461249,CCOC(=O)c1ccc(cc1)N=C=O
450,3.318243435,OC(=O)Cc1ccc(cc1)c2ccccc2
451,3.31640572,Nc1c(Cl)cc(cc1N(=O)=O)N(=O)=O
452,3.315341006,Oc1ccc(cc1N(=O)=O)C#N
453,3.313174299,[H][n]1c2ccccc2c3ccccc31
454,3.297508311,C=Cc1ccccc1
455,3.295452739,Oc1c(Cl)ccc(Cl)c1Cl
456,3.294335274,OCc1ccc(Cl)cc1
457,3.290362922,CC(=O)CC(c1ccccc1)C2C(=O)Oc3ccccc3C=2O
458,3.289463097,O=Cc1ccc(cc1)N(=O)=O
459,3.288897648,Oc1ccc(Cl)cc1
460,3.288150989,Clc1ccc(C=O)cc1
461,3.278071347,ClC(=O)c1ccccc1
462,3.273274042,OCC=Cc1ccc(cc1)N(=O)=O
463,3.273209182,CCNc1ccccc1
464,3.270177405,Oc1ccc(O)c(Cl)c1
465,3.2692879,Nc1cc2ccccc2cc1N
466,3.266428616,OCc1ccc2C(=O)c3ccccc3C(=O)c2c1
467,3.266145766,O=Cc1ccccc1
468,3.264963459,O=C1Oc2ccccc2C=C1
469,3.262317893,Oc1c(Cl)cccc1Cl
470,3.26072498,COc1ccc(cc1)C(=O)C(F)(F)F
471,3.259327922,COC(=O)c1ccc(N)cc1
472,3.257863106,Oc1ccccc1CC=C
473,3.255811295,OC(c1ccccc1)(c2ccccc2)c3ccncc3
474,3.253496629,Oc1ccc(cc1)N(=O)=O
475,3.247073252,Nc1cc(ccc1Cl)N(=O)=O
476,3.246619038,Cc1ccc2cccc(C)c2n1
477,3.241726625,Oc1cccc2cccnc12
478,3.238772658,Nc1cccc2ncccc12
479,3.236383798,Cc1cc(c(Cl)cc1F)N(=O)=O
480,3.235708472,CCc1ccccc1
481,3.235168721,[H][n]1nnc2cc(ccc21)N(=O)=O
482,3.229918938,[H][n]1nnc(Oc2ccccc2)n1
483,3.229335816,Nc1cccc2cccc(N)c12
484,3.227215343,Cc1ccc(C)c(O)c1
485,3.220032054,COC(=O)c1ccc(cc1)C(=O)OC
486,3.219237386,Oc1cccc(Cl)c1
487,3.217431575,Clc1cccc(c1)N(=O)=O
488,3.215117629,Clc1cc(Cl)cc(c1)N(=O)=O
489,3.214034649,Cc1cc(C)c(O)c(C)c1
490,3.211073405,ClC(Cl)=C(Cl)Cl
491,3.204088086,CC(=O)Oc1ccccc1
492,3.202319961,CCC(=O)c1ccc(F)cc1
493,3.202277148,Cc1ccc(cc1N)N(=O)=O
494,3.200857568,Cc1ccc(F)cc1C#N
495,3.198751769,COc1cc2OC3OCCC3c2c4OC(=O)C5C(=O)OCCC=5c14
496,3.19417111,Clc1cc(Cl)cc(c1)C#N
497,3.188398611,COC(=O)c1ccc(cc1C(=O)OC)N(=O)=O
498,3.18228672,ClC(Cl)(Cl)C(=O)C(Cl)(Cl)Cl
499,3.179983236,Cc1ccncc1C
500,3.15106632,NCc1ccc(Cl)cc1
501,3.148163584,Oc1ccccc1Br
502,3.132442426,FC(F)(F)c1cc(cc(c1)C(F)(F)F)N(=O)=O
503,3.1312569,Clc1ccccc1
504,3.12272908,Cc1ccc2cccc(O)c2n1
505,3.122464117,Fc1ccc(Br)cc1
506,3.117315496,Cc1cc(C)c2ccccc2n1
507,3.115867609,Nc1cccc(Cl)c1
508,3.111677427,C=Cc1ccncc1
509,3.107895724,C(c1ccccc1)c2ccccn2
510,3.106886714,COC(=O)c1ccc(cc1)C#N
511,3.100127356,ClCCCCCCl
512,3.09773354,OC(=O)COc1cc(Cl)c(Cl)cc1Cl
513,3.094159217,Nc1ccc2c(Cc3cc(N)ccc32)c1
514,3.092687459,O=C(c1ccccc1)c2ccncc2
515,3.088331531,O=Cc1ccc(cc1)C#N
516,3.088074482,CCOP(=S)(NC(C)C)Oc1ccccc1C(=O)OC(C)C
517,3.085517171,c1ccc2nc3ccccc3nc2c1
518,3.078353737,Cc1cc(C)cc(O)c1
519,3.076861015,Clc1ccc(cc1)N(=O)=O
520,3.069929877,Fc1ccc(cc1C(F)(F)F)N(=O)=O
521,3.068221212,ClCC(Cl)CCl
522,3.064437333,COc1ccc(OCCO)cc1
523,3.061749401,CC(=O)Cc1ccc(F)cc1
524,3.05654415,Nc1ccccc1Cl
525,3.050974314,OCCN1CN(CCO)CN(CCO)C1
526,3.047982732,OC(=O)c1cc(O)cc(O)c1
527,3.038873812,FC(F)(F)c1ccc(Cl)nc1
528,3.034808183,Oc1ccc(F)cc1N(=O)=O
529,3.034349145,FC(F)(F)c1ccccc1
530,3.034223677,CN(C)c1ccccc1
531,3.026256069,Cc1ccc(CO)cc1
532,3.025386193,Cc1cccc(O)c1
533,3.023465186,N#Cc1ccccc1
534,3.015255838,Cc1cc(C)cc(N)c1
535,3.000322022,Cc1ccc(cc1N(=O)=O)N(=O)=O
536,2.998462182,OCc1cc(cc(c1)C(F)(F)F)C(F)(F)F
537,2.996172304,CCCN(CCC)C(=O)SCC
538,2.993536588,NCCc1ccccc1
539,2.993353552,COc1cc(c(O)c(c1)C(C)(C)C)C(C)(C)C
540,2.99082085,Fc1ccc(cc1N(=O)=O)N=C=O
541,2.988683596,O=S(=O)(CC#N)c1ccccc1
542,2.988623808,CNc1ccccc1
543,2.983764469,CC(=O)Cc1ccc(cc1)N(=O)=O
544,2.983071155,Cc1ccc(N)c(C)c1
545,2.978701794,Nc1c2ccccc2nc3ccccc13
546,2.975340673,COC(C)(C)C
547,2.972851989,Cc1ccc(C)c(N)c1
548,2.972708283,Nc1cc(cc(c1)N(=O)=O)N(=O)=O
549,2.96805975,CCCCCCC(C)=O
550,2.964850533,CCCCCCCO
551,2.964279352,Oc1ccc(cc1)N=Nc2ccccc2C(O)=O
552,2.961176827,CC(C)=CCCC(C)=O
553,2.95838059,Nc1c(Cl)c(F)nc(F)c1Cl
554,2.956463696,Oc1ccccc1C=O
555,2.944555014,O=N(=O)c1cccc(c1)N(=O)=O
556,2.939783742,Nc1cc(F)c(F)cc1N(=O)=O
557,2.939450393,COc1ccc(F)cc1
558,2.929479305,NC(=O)CCl
559,2.92704571,CN(N=O)C(=N)NN(=O)=O
560,2.925020091,Nc1ccc(cc1N)N(=O)=O
561,2.924330062,OC1C(=O)CC(=O)C=1c2ccccc2
562,2.922209132,Nc1cc(N)cc(c1)C(O)=O
563,2.922112759,OCCc1ccc(cc1)N(=O)=O
564,2.912909429,OC(=O)c1ncccc1O
565,2.909007297,N#Cc1cccc(c1)C#N
566,2.908089769,OCc1cc(O)ccc1N(=O)=O
567,2.902053125,NCCc1ccc(Cl)cc1
568,2.899726187,Nc1cccc(c1)N(=O)=O
569,2.890697904,O=N(=O)c1ccc2ncccc2c1
570,2.884784613,Cc1cccc(C)c1N
571,2.884563054,OC(=O)Cc1ccc(cc1N(=O)=O)N(=O)=O
572,2.879205996,CC(=O)Nc1ccc(Cl)cc1
573,2.877225742,COc1ccc(CN)cc1
574,2.875454019,COc1ccc(N)cc1N(=O)=O
575,2.874201723,NCc1ccc(cc1)C(F)(F)F
576,2.873483055,COc1ccc(cc1F)N(=O)=O
577,2.864933849,OCc1ccc(cc1)N(=O)=O
578,2.862525355,C1CN(CCO1)c2ccccc2
579,2.855887534,O=C=Nc1ccccc1
580,2.852992778,Cc1ccc(CN)cc1
581,2.851980905,CCOc1ccc(CO)cc1
582,2.851351609,NCCc1ccc(cc1)S(N)(=O)=O
583,2.847016689,Cc1ccccc1C
584,2.838856614,Nc1ccc(cc1)S(O)(=O)=O
585,2.836391687,ON=Cc1ccncc1
586,2.833883308,Cc1ccc(cc1)S(N)(=O)=O
587,2.817369861,COc1cc(ccc1N)c2ccc(N)c(OC)c2
588,2.815699035,COCC(=O)N(C(C)C(=O)OC)c1c(C)cccc1C
589,2.815194823,Cc1ccc2cccc(c2n1)N(=O)=O
590,2.812804355,NC(c1ccccc1)c2ccccc2
591,2.809908406,Cc1ccnc(C)c1
592,2.808069112,Oc1ccccc1Cl
593,2.807405541,O=C1Nc2ccccc2N1
594,2.806883357,NCCc1ccc(O)cc1
595,2.801613229,Cc1c(cccc1N=C=O)N=C=O
596,2.80047609,Clc1ncccc1N(=O)=O
597,2.799753966,c1c[s]cn1
598,2.790750679,OC(=O)C=Cc1ccc(F)cc1
599,2.790026998,Clc1cccnc1Cl
600,2.785938133,CN(C)c1ccncc1
601,2.785923914,Cc1cccc(C)c1O
602,2.785833947,CC(=O)Oc1ccc(cc1)C(O)=O
603,2.785042383,CCCCCCN
604,2.777690797,CN1C(=O)N(C)c2nc[n](C)c2C1=O
605,2.777131014,OCc1cc(cc(c1)N(=O)=O)N(=O)=O
606,2.771185327,OCCOc1ccccc1
607,2.768482795,OC(=O)c1ccc(cc1)C(F)(F)F
608,2.767862776,Fc1ccc(cc1)N=C=O
609,2.763147109,Oc1ccccc1N(=O)=O
610,2.752632239,NC(=O)c1ccc(Cl)cc1
611,2.752197884,Nc1ccc(cc1N(=O)=O)N(=O)=O
612,2.743360057,COc1ccc(F)cc1N(=O)=O
613,2.739824972,Nc1cccc2c(N)cccc12
614,2.737623981,Nc1ccc(O)c(c1)N(=O)=O
615,2.73293774,CCCCOC(=O)C(C)=C
616,2.731427587,CCN(CC)C(=O)c1cccc(C)c1
617,2.730461377,O=N(=O)c1ccccc1
618,2.728986498,NCc1ccccc1
619,2.727132646,Cc1cccc(N)c1N
620,2.726128581,O=C=NCCCCCCN=C=O
621,2.722577271,NS(=O)(=O)c1ccc(Cl)cc1
622,2.720934338,Cc1ccc(cc1)C(N)=O
623,2.714653449,Nc1ccc(cc1)S(=O)(=O)c2ccc(N)cc2
624,2.714580207,Oc1ccc(F)c(F)c1
625,2.713840079,Cc1ccccc1O
626,2.713683377,N(c1ccccn1)c2ccccn2
627,2.711495809,Cc1ccc(F)cc1
628,2.710834812,O=C1CCCCC1
629,2.695283234,Fc1ccc(cc1)C(F)(F)F
630,2.691647006,NNC(=O)c1ccc(Cl)cc1
631,2.690137604,Fc1ccccc1N(=O)=O
632,2.689206861,CCCCCCO
633,2.688228272,OC(=O)Cc1ccc(F)cc1
634,2.685134078,Nc1c(F)c(C#N)c(F)c(F)c1C#N
635,2.682698952,OC(=O)c1cccnc1C(O)=O
636,2.680238826,COc1ccc(CC(O)=O)cc1
637,2.667664693,NCc1ccc(F)cc1
638,2.660746932,ClCCCC#C
639,2.6541076,OC(=O)c1ccc(Cl)c(c1)N(=O)=O
640,2.652182702,OC(=O)Cc1ccc(Cl)cc1
641,2.651922393,OC(=O)Cc1ccc(Cl)cc1Cl
642,2.648397285,CCCCOC(=O)C=C
643,2.644840792,CC1(C)Cc2cccc(O)c2O1
644,2.636704863,CCOC(=O)c1ccccc1C(=O)OCC
645,2.633192591,Cc1cccc(N)c1C
646,2.628401767,NC(C(O)=O)c1ccc(F)cc1
647,2.623391993,COc1cc(ccc1O)C#N
648,2.620494602,CC(=O)c1ccc(F)cc1
649,2.613809207,[H][n]1c(N)nc2ccccc21
650,2.600727588,CC(CN(C)C)C(C)=O
651,2.594425935,Oc1cc(F)cc(F)c1
652,2.592016727,COc1ccc(cc1)S(N)(=O)=O
653,2.582442163,Oc1ccccc1O
654,2.570468865,OC(=O)c1ccccn1
655,2.568946383,Cc1cnc2ccccc2n1
656,2.567140135,Cc1ccc(N)c(N)c1
657,2.553809783,OCCS(=O)(=O)c1cccc(c1)N(=O)=O
658,2.543710989,Oc1ccc(F)cc1F
659,2.543456546,Fc1cccc(F)c1C#N
660,2.541787665,OC(=O)COc1ccccc1
661,2.528296378,COc1cc(F)cc(F)c1
662,2.523418967,Nc1ccncc1
663,2.507752416,Nc1ccncc1N
664,2.506441428,[H][n]1c(S)nc2ccccc21
665,2.503234921,CC(=O)c1cc(F)c(F)c(F)c1F
666,2.498141945,CCCC=O
667,2.496437078,CC(=O)CCl
668,2.494861799,COc1cc(CCC#N)cc(OC)c1OC
669,2.493716205,CCOc1ccc(NC(C)=O)cc1
670,2.493609568,CC(=O)Nc1ccc(cc1)C(O)=O
671,2.48833754,OC(=O)c1cc(cc(c1O)N(=O)=O)N(=O)=O
672,2.483530299,c1cc(ccn1)c2ccncc2
673,2.481514438,CC(=O)c1ccc(cc1)C#N
674,2.47912646,Cc1ccncc1
675,2.475514979,NC1CC2CCC1C2
676,2.475400301,CCCCCO
677,2.470400514,Clc1cncc(Cl)c1
678,2.467872364,OC(=O)c1ccc(cc1)C#N
679,2.466911958,NC(=O)c1ccc(O)cc1
680,2.464765839,Cc1ccccc1
681,2.457027571,CCCCCCCCCCCl
682,2.455599499,CC(=O)c1ccc(cc1)C(O)=O
683,2.453821624,Oc1ccccc1
684,2.443600719,COc1cccc(O)c1
685,2.439412727,Fc1cccc(c1)N(=O)=O
686,2.439272266,OC(=O)c1c(F)cccc1F
687,2.434378862,CCCCOCCCC
688,2.42987555,Clc1cccc(Cl)n1
689,2.42987555,Clc1ccc(Cl)nc1
690,2.429726425,NNC(=O)Nc1ccccc1
691,2.429714933,CNc1ccc(cc1)C(O)=O
692,2.42351608,CCC(Cl)CCl
693,2.422731654,OCCOc1ccc(cc1)N(=O)=O
694,2.416711611,NCCO
695,2.414606447,c1ccc2nccnc2c1
696,2.413772731,NS(=O)(=O)c1ccc(cc1)C(O)=O
697,2.409167402,Fc1ccc(cc1)N(=O)=O
698,2.407322845,OCCCc1cccnc1
699,2.404041411,CCCC#CC
700,2.401529001,O=C1OC(=O)C=C1
701,2.393983047,Fc1ccc(C=O)cc1
702,2.390697781,OC(=O)COc1ccc(F)cc1
703,2.3884334,Fc1cc(F)c(c(F)c1)N(=O)=O
704,2.373255543,Nc1ccc(cn1)N(=O)=O
705,2.371077172,OC(=O)COc1ccc(Cl)cc1
706,2.363124681,NC(=O)c1ccccc1
707,2.363035044,Fc1ccc(cc1)C#N
708,2.353713093,NNC(=O)c1ccccc1
709,2.350398233,COc1ccc(OCC(O)=O)cc1
710,2.34103065,FC(F)(F)C(=O)c1ccccc1
711,2.332869174,CC(Cl)CCl
712,2.332247262,NNc1ccc(cc1)C(O)=O
713,2.315796919,CC(O)CN
714,2.310328739,NC(=O)c1ncccc1O
715,2.297594811,Nc1c(F)cc(F)c(F)c1F
716,2.297431866,N#Cc1ccc(cc1)C#N
717,2.293187812,CCCCN(=O)=O
718,2.28506037,Clc1cccnc1
719,2.284739291,CCCCOC(C)=O
720,2.284307233,Oc1cccc(F)c1F
721,2.283675725,Cc1c(O)cccc1O
722,2.283557118,c1ccc(nc1)c2ccccn2
723,2.282460017,Nc1ccc(cc1N)C(O)=O
724,2.282062043,CCCCC(CC)COC(=O)c1ccccc1C(=O)OCC(CC)CCCC
725,2.27038163,Oc1cc(cc(c1O)S(O)(=O)=O)S(O)(=O)=O
726,2.2648905,Clc1ccccn1
727,2.26387107,OCc1ccccc1
728,2.257631126,N#Cc1ccccc1C#N
729,2.252999118,ClCCCCl
730,2.24030612,Nc1c(F)c(F)nc(F)c1F
731,2.237397288,CN(C)C(=O)Nc1ccc(Cl)cc1
732,2.236436055,CCNc1nc(Cl)nc(NCC)n1
733,2.235531774,Fc1ccc(Cl)cc1
734,2.230714741,Nc1ccc(F)cc1F
735,2.210055083,OC(=O)c1ccncc1
736,2.206001545,OC(=O)c1cc(cc(c1)N(=O)=O)N(=O)=O
737,2.197177856,CNC(=O)N(C)c1nnc([s]1)C(C)(C)C
738,2.194152575,CCc1nccnc1CC
739,2.187985787,COc1cc(CO)ccc1O
740,2.186049758,Nc1ccc(F)cc1
741,2.181649486,OCCNCCO
742,2.176877583,CN(C)c1ccccn1
743,2.174263863,NNc1ccccc1
744,2.17150027,CCN1CCOCC1
745,2.167971597,OCC(Br)CBr
746,2.157824775,Cc1nc2ccccc2nc1C
747,2.157720699,OP(=O)(Oc1ccccc1)Oc2ccccc2
748,2.149568051,CC1C=C(C)[n]2ncnc2N=1
749,2.146949974,Cc1ccc(N)cc1N
750,2.130233226,Nc1ccc(CC(O)=O)cc1
751,2.128978845,Nc1ccccc1
752,2.125172107,ClCC(Cl)Cl
753,2.120416875,Oc1ccc(cc1)S(O)(=O)=O
754,2.120266052,O=CCCCC=O
755,2.118938704,O=Cc1cccc(C=O)c1
756,2.100878149,CC(C)CC(C)=O
757,2.100021742,C1COCCN1
758,2.098010243,OC(=O)C(F)c1ccccc1
759,2.088843164,Cc1cccnc1
760,2.062094685,CC(=O)c1cccnc1
761,2.056556879,NS(=O)(=O)c1ccccc1
762,2.036735905,CC(=O)Nc1ccc(N)cc1
763,2.036609328,ClCC=CCl
764,2.015492441,[H][n]1ncnn1
765,2.015002621,[H][n]1ncnc1S
766,1.990816814,Oc1c(cc(cc1N(=O)=O)N(=O)=O)N(=O)=O
767,1.990228685,OCc1ccc(F)cc1
768,1.988623808,Cc1cccc(C)n1
769,1.975789809,COC(=O)c1ccncc1
770,1.969722928,OC(=O)c1cccnc1
771,1.957669486,C=O
772,1.94993116,OC(=O)c1ccccc1O
773,1.940000811,OC1CCCCC1
774,1.933902649,NC(=O)c1ccc(F)cc1
775,1.93209469,C#N
776,1.923310173,OCCCCCCO
777,1.911429949,Oc1ccnc2ccccc12
778,1.909952263,OCc1ccc(CO)cc1
779,1.909264197,O=Cc1ccncc1
780,1.90768482,CC(=C)CCl
781,1.90695242,COc1ccc(CO)cc1O
782,1.893331197,CNN
783,1.887001091,Fc1ccc(F)cc1
784,1.882209178,CCCCCCCCCl
785,1.850981204,CCCCCCCl
786,1.842830786,ClCC#C
787,1.83950643,O=Cc1ccccn1
788,1.826009737,OC(=O)CCCOc1ccccc1
789,1.819865827,Cc1ccccn1
790,1.801400778,O=C1NC(=O)c2cnccc12
791,1.793249373,CC(=O)c1ccncc1
792,1.788236731,NC(Cc1ccccc1)C(O)=O
793,1.779481509,Fc1cc(F)c(F)nc1F
794,1.756902829,Nc1ccccc1O
795,1.752383,CC(O)CCC(C)O
796,1.741701377,CC(=O)Nc1ccccc1
797,1.711436654,COc1cnccn1
798,1.707522423,OCc1ccncc1
799,1.70448769,CCOC(=O)CC(C)=O
800,1.70433097,CCC1(CCC(C)C)C(=O)NC(=O)NC1=O
801,1.699371541,[O-][n+]1ccc(cc1)C#N
802,1.697327135,CCCCCCl
803,1.681711468,Fc1ccccc1
804,1.67459799,c1cc[s]c1
805,1.65303152,Oc1ccc(Cl)cn1
806,1.638262474,COc1ccccn1
807,1.62575831,Oc1cccnc1O
808,1.623420057,C=C[n]1ccnc1
809,1.613556425,CCCCC#C
810,1.603817947,OC(=O)Cc1ccccc1
811,1.600959886,[H][n]1ccnc1S
812,1.587741397,CN1C=CNC1=S
813,1.573994354,Cc1ccncn1
814,1.572738974,CC(=O)c1ccccn1
815,1.556126993,CC(Cl)Cl
816,1.55590019,C1CCCCC1
817,1.554156092,CC#CC
818,1.553712327,Nc1ccccn1
819,1.539879649,O=Cc1cccnc1
820,1.537493846,N#Cc1ccccn1
821,1.526568589,N#CCCN1CCOCC1
822,1.511634953,Oc1cccc(O)c1
823,1.500737131,CCC(C)O
824,1.498178141,Oc1ccccn1
825,1.474095804,N#CCCCCC#N
826,1.470330099,Cc1cc(C)nc(N)n1
827,1.465349676,CC(C)Cl
828,1.460024174,OCCc1ccccn1
829,1.456383814,NC(=O)c1ccncc1
830,1.442955463,CN
831,1.436442862,ClC(Cl)Cl
832,1.433313929,c1cc[o]c1
833,1.377019352,N#Cc1ccncc1
834,1.334694766,CCOCCO
835,1.327834749,Nc1cccc(N)n1
836,1.324819961,N=C1NNC=N1
837,1.319157067,CC(C)OC(C)C
838,1.318403868,c1ccncc1
839,1.30963304,CC(=O)Nc1ccc(O)cc1
840,1.303422222,Cc1cnccn1
841,1.30281347,[H][n]1ccnc1
842,1.257758421,CCCCCCCC
843,1.257065117,CC(C)=CCl
844,1.246306269,CCCCCl
845,1.237922755,Nc1cccnc1N
846,1.228848777,CCOC(=O)CC
847,1.227215625,N#Cc1cccnc1
848,1.208966606,NC(=O)CC(N)=O
849,1.197867771,Oc1cccnc1
850,1.145426429,ClCCCl
851,1.144976126,OC1CCOC1
852,1.14372138,Nc1cccnc1
853,1.134772967,C1COCCO1
854,1.132640416,O=C1CC=NC=N1
855,1.127690906,CC(C)CCC(C)=O
856,1.0732956,[H][n]1c2ccccc2nc1c3c[s]cn3
857,1.049718403,O=C1CCCN1
858,1.043839727,c1cncnc1
859,0.986558171,[H][n]1cccc1
860,0.979318528,CC(=O)CC(C)=O
861,0.945280052,CCC(=O)CC
862,0.943583455,c1cnccn1
863,0.901124399,NC(=O)NO
864,0.898735152,CCC(C)=NO
865,0.883310348,N[n]1cnnc1
866,0.873912657,CCCCl
867,0.851414495,Nc1ncc[s]1
868,0.771678452,OCCO
869,0.754113768,CC=O
870,0.662596163,CC(O)CC(C)(C)O
871,0.634065349,c1ccnnc1
872,0.566585372,ClCC1CO1
873,0.558229335,[O-][n+]1ccccc1
874,0.54522861,OC1CCC(O)CC1
875,0.333402095,OCC(O)CCl
876,0.274550876,C=CC#N
877,0.210036788,CCCCO
878,0.199765147,CN(C)C(C)=O
879,0.177641914,CCC(C)=O
880,0.17489019,CCOC(C)=O
881,-0.007091625,c1ccccc1
882,-0.020467974,[H][n]1cnnc1
883,-0.049818719,CN1CCCC1
884,-0.077109304,NC(=O)C(F)(F)F
885,-0.163849366,OCCOCCOCCO
886,-0.23900944,CCC#N
887,-0.303643611,OCCCl
888,-0.441262522,CCCO
889,-0.535524703,CCCCN
890,-0.575445023,CN(C)C=O
891,-0.675306086,CC(C)=O
892,-0.778560079,CC(O)CO
893,-0.821326669,NC(N)=O
894,-0.991269729,CC(C)O
895,-1.156366848,CS(C)=O
896,-1.156770396,CC#N
897,-1.18607402,CCN
898,-1.226452936,CCO
899,-2.184476464,CO
